<?xml version="1.0" encoding="UTF-8"?>
<project-private xmlns="http://www.netbeans.org/ns/project-private/1">
    <editor-bookmarks xmlns="http://www.netbeans.org/ns/editor-bookmarks/2" lastBookmarkId="0"/>
    <open-files xmlns="http://www.netbeans.org/ns/projectui-open-files/2">
        <group>
            <file>file:/home/ppolozyu/Bureau/Java/src/javaapp/Value.java</file>
            <file>file:/home/ppolozyu/Bureau/Java/src/javaapp/BoolV.java</file>
            <file>file:/home/ppolozyu/Bureau/Java/src/javaapp/VarV.java</file>
            <file>file:/home/ppolozyu/Bureau/Java/src/javaapp/ClosureV.java</file>
            <file>file:/home/ppolozyu/Bureau/Java/src/javaapp/Fst.java</file>
            <file>file:/home/ppolozyu/Bureau/Java/src/javaapp/PairV.java</file>
            <file>file:/home/ppolozyu/Bureau/Java/src/javaapp/Cod.java</file>
            <file>file:/home/ppolozyu/Bureau/Java/src/javaapp/Config.java</file>
            <file>file:/home/ppolozyu/Bureau/Java/src/javaapp/Snd.java</file>
            <file>file:/home/ppolozyu/Bureau/Java/src/javaapp/Instr.java</file>
            <file>file:/home/ppolozyu/Bureau/Java/src/javaapp/IntV.java</file>
        </group>
    </open-files>
</project-private>
